{"cameraMode":{"drawMode":0,"name":"Shaded","section":"Shading Mode"},"sceneLighting":false,"audioPlay":false,"sceneViewState":{"showFog":true,"showMaterialUpdate":false,"showSkybox":false,"showFlares":true,"showImageEffects":true,"showParticleSystems":true},"in2DMode":false,"pivot":{"x":14.729999542236329,"y":1.159999966621399,"z":0.9100000262260437},"rotation":{"x":0.23756282031536103,"y":-0.6453399658203125,"z":0.22093431651592256,"w":0.6919569373130798},"size":2.6954824924468996,"orthographic":false}